policy_id,coverage_selection,annual_exposure,risk_score,claim_probability,benefit_proxy,segment,record_type
P00001,both,0.783996,1.24989943,0.05624547,2000000.0,preferred,reconstructed
P00002,own_damage,0.946813,0.83358297,0.03751123,1000000.0,standard,reconstructed
P00003,both,0.683685,1.22944267,0.05532492,2000000.0,standard,reconstructed
P00004,both,0.567504,0.72399472,0.03257976,250000.0,commercial,reconstructed
P00005,own_damage,0.598336,0.89300556,0.04018525,500000.0,standard,reconstructed
P00006,both,0.740367,1.1066552,0.04979948,2000000.0,preferred,reconstructed
P00007,third_party,0.703753,0.60592109,0.02726645,250000.0,standard,reconstructed
P00008,third_party,0.806516,1.15072081,0.05178244,250000.0,standard,reconstructed
P00009,both,0.673896,0.6439968,0.02897986,2000000.0,standard,reconstructed
P00010,both,0.844598,1.64593431,0.07406704,500000.0,preferred,reconstructed
P00011,both,0.874816,0.8853852,0.03984233,1000000.0,preferred,reconstructed
P00012,both,0.612707,1.44831013,0.06517396,250000.0,standard,reconstructed
P00013,both,0.788983,0.42132951,0.01895983,500000.0,standard,reconstructed
P00014,third_party,0.931585,2.74429049,0.12349307,500000.0,preferred,reconstructed
P00015,both,0.614826,2.11538072,0.09519213,250000.0,standard,reconstructed
P00016,third_party,0.994843,1.16584508,0.05246303,500000.0,standard,reconstructed
P00017,both,0.960106,1.15330371,0.05189867,250000.0,standard,reconstructed
P00018,both,0.744226,1.34694853,0.06061268,250000.0,standard,reconstructed
P00019,own_damage,0.881542,1.05588656,0.0475149,250000.0,commercial,reconstructed
P00020,both,0.936601,0.80187539,0.03608439,500000.0,standard,reconstructed
P00021,both,0.641997,1.30152349,0.05856856,1000000.0,standard,reconstructed
P00022,both,0.653074,2.22067097,0.09993019,1000000.0,standard,reconstructed
P00023,both,0.662485,1.20641441,0.05428865,2000000.0,preferred,reconstructed
P00024,third_party,0.694643,0.82085668,0.03693855,2000000.0,standard,reconstructed
P00025,both,0.780806,1.12476321,0.05061434,250000.0,commercial,reconstructed
P00026,third_party,0.571789,0.9845783,0.04430602,500000.0,commercial,reconstructed
P00027,both,0.626109,0.61014264,0.02745642,250000.0,standard,reconstructed
P00028,third_party,0.670771,0.93155947,0.04192018,1000000.0,standard,reconstructed
P00029,both,0.8898,1.16213678,0.05229616,500000.0,standard,reconstructed
P00030,both,0.645012,1.40735693,0.06333106,1000000.0,standard,reconstructed
P00031,both,0.770119,0.52704916,0.02371721,500000.0,standard,reconstructed
P00032,both,0.847333,1.11445213,0.05015035,1000000.0,preferred,reconstructed
P00033,third_party,0.833797,1.41144169,0.06351488,1000000.0,standard,reconstructed
P00034,both,0.884607,0.57396589,0.02582847,2000000.0,standard,reconstructed
P00035,both,0.78907,1.42394051,0.06407732,1000000.0,commercial,reconstructed
P00036,both,0.62748,2.69823768,0.1214207,1000000.0,standard,reconstructed
P00037,both,0.880058,1.63095892,0.07339315,500000.0,preferred,reconstructed
P00038,own_damage,0.776311,0.62127186,0.02795723,250000.0,preferred,reconstructed
P00039,both,0.84727,0.54585925,0.02456367,1000000.0,standard,reconstructed
P00040,own_damage,0.848203,1.10090796,0.04954086,500000.0,standard,reconstructed
P00041,both,0.657141,1.24739643,0.05613284,2000000.0,commercial,reconstructed
P00042,third_party,0.621815,0.55358737,0.02491143,1000000.0,preferred,reconstructed
P00043,both,0.919485,0.54411608,0.02448522,250000.0,standard,reconstructed
P00044,both,0.846588,1.24794146,0.05615737,1000000.0,standard,reconstructed
P00045,both,0.659503,0.68827257,0.03097227,1000000.0,commercial,reconstructed
P00046,both,0.55296,0.97321549,0.0437947,500000.0,standard,reconstructed
P00047,both,0.901618,0.77278834,0.03477548,250000.0,preferred,reconstructed
P00048,third_party,0.710268,1.1176116,0.05029252,1000000.0,standard,reconstructed
P00049,third_party,0.632308,1.25730275,0.05657862,500000.0,standard,reconstructed
P00050,both,0.753118,1.44752696,0.06513871,2000000.0,standard,reconstructed
P00051,both,0.86319,0.87213448,0.03924605,2000000.0,standard,reconstructed
P00052,both,0.811553,1.61774871,0.07279869,500000.0,preferred,reconstructed
P00053,both,0.929369,1.74226791,0.07840206,250000.0,commercial,reconstructed
P00054,both,0.678071,1.68685064,0.07590828,2000000.0,standard,reconstructed
P00055,own_damage,0.781047,0.6484841,0.02918178,1000000.0,standard,reconstructed
P00056,own_damage,0.875846,0.94763835,0.04264373,250000.0,preferred,reconstructed
P00057,both,0.898779,1.74013088,0.07830589,2000000.0,preferred,reconstructed
P00058,both,0.562632,1.58408267,0.07128372,500000.0,preferred,reconstructed
P00059,third_party,0.951085,0.62446702,0.02810102,500000.0,standard,reconstructed
P00060,both,0.928313,1.06164983,0.04777424,250000.0,standard,reconstructed
P00061,both,0.602241,0.70242088,0.03160894,250000.0,standard,reconstructed
P00062,both,0.970252,0.70466181,0.03170978,1000000.0,standard,reconstructed
P00063,both,0.568774,0.6396857,0.02878586,2000000.0,commercial,reconstructed
P00064,own_damage,0.685115,0.80145067,0.03606528,2000000.0,standard,reconstructed
P00065,third_party,0.725388,1.02943426,0.04632454,2000000.0,standard,reconstructed
P00066,both,0.590411,0.66987485,0.03014437,1000000.0,standard,reconstructed
P00067,both,0.782889,0.59329965,0.02669848,500000.0,standard,reconstructed
P00068,both,0.731413,1.07499645,0.04837484,500000.0,preferred,reconstructed
P00069,both,0.8479,0.81192071,0.03653643,1000000.0,preferred,reconstructed
P00070,both,0.660927,0.76590545,0.03446575,2000000.0,commercial,reconstructed
P00071,third_party,0.900933,0.87072468,0.03918261,250000.0,preferred,reconstructed
P00072,both,0.659041,0.96884654,0.04359809,2000000.0,standard,reconstructed
P00073,both,0.558442,1.18023884,0.05311075,2000000.0,standard,reconstructed
P00074,both,0.56893,2.2131609,0.09959224,250000.0,preferred,reconstructed
P00075,both,0.940945,2.26549833,0.10194743,500000.0,commercial,reconstructed
P00076,both,0.992045,1.95161692,0.08782276,1000000.0,commercial,reconstructed
P00077,both,0.94023,0.57753365,0.02598901,1000000.0,preferred,reconstructed
P00078,both,0.844564,2.03761297,0.09169258,250000.0,commercial,reconstructed
P00079,both,0.564247,1.29126488,0.05810692,250000.0,standard,reconstructed
P00080,own_damage,0.951178,0.60820963,0.02736943,2000000.0,preferred,reconstructed
P00081,both,0.873555,1.33679663,0.06015585,500000.0,standard,reconstructed
P00082,both,0.63432,0.92909739,0.04180938,2000000.0,preferred,reconstructed
P00083,both,0.554702,1.13560748,0.05110234,1000000.0,preferred,reconstructed
P00084,both,0.938494,0.73492951,0.03307183,2000000.0,standard,reconstructed
P00085,both,0.886773,1.82745716,0.08223557,500000.0,standard,reconstructed
P00086,both,0.98518,0.4404326,0.01981947,1000000.0,preferred,reconstructed
P00087,third_party,0.753097,1.39932316,0.06296954,500000.0,standard,reconstructed
P00088,third_party,0.867641,0.84803111,0.0381614,500000.0,preferred,reconstructed
P00089,both,0.880256,1.0701028,0.04815463,2000000.0,standard,reconstructed
P00090,third_party,0.604441,1.31336556,0.05910145,250000.0,standard,reconstructed
P00091,third_party,0.943388,0.68241584,0.03070871,500000.0,standard,reconstructed
P00092,both,0.891428,0.87942449,0.0395741,500000.0,standard,reconstructed
P00093,both,0.588248,1.81367739,0.08161548,1000000.0,standard,reconstructed
P00094,own_damage,0.770174,1.7450797,0.07852859,500000.0,commercial,reconstructed
P00095,both,0.758202,1.18386967,0.05327414,2000000.0,standard,reconstructed
P00096,both,0.992204,0.58866397,0.02648988,2000000.0,preferred,reconstructed
P00097,both,0.933825,1.41952989,0.06387885,2000000.0,standard,reconstructed
P00098,both,0.881501,1.44643804,0.06508971,500000.0,standard,reconstructed
P00099,both,0.989102,0.46736898,0.0210316,250000.0,standard,reconstructed
P00100,both,0.86396,0.50205542,0.02259249,2000000.0,standard,reconstructed
P00101,third_party,0.822252,0.8277936,0.03725071,2000000.0,standard,reconstructed
P00102,own_damage,0.774187,0.86448638,0.03890189,250000.0,standard,reconstructed
P00103,both,0.71051,2.37248635,0.10676189,250000.0,commercial,reconstructed
P00104,both,0.704428,1.11930818,0.05036887,500000.0,commercial,reconstructed
P00105,third_party,0.981403,0.55600451,0.0250202,500000.0,standard,reconstructed
P00106,third_party,0.560548,1.25104797,0.05629716,250000.0,standard,reconstructed
P00107,both,0.928038,0.9945241,0.04475358,1000000.0,standard,reconstructed
P00108,both,0.896585,0.62291247,0.02803106,250000.0,commercial,reconstructed
P00109,both,0.861169,0.72845286,0.03278038,2000000.0,commercial,reconstructed
P00110,both,0.885994,1.20581008,0.05426145,2000000.0,preferred,reconstructed
P00111,third_party,0.813922,1.16998643,0.05264939,2000000.0,standard,reconstructed
P00112,both,0.593911,1.07468413,0.04836079,250000.0,preferred,reconstructed
P00113,both,0.889025,1.08732832,0.04892977,2000000.0,preferred,reconstructed
P00114,both,0.793493,1.07855922,0.04853517,1000000.0,commercial,reconstructed
P00115,third_party,0.587189,0.4277616,0.01924927,500000.0,standard,reconstructed
P00116,both,0.699135,0.5506359,0.02477862,250000.0,standard,reconstructed
P00117,third_party,0.641149,0.63570652,0.02860679,500000.0,standard,reconstructed
P00118,both,0.799238,0.35,0.01575,250000.0,standard,reconstructed
P00119,both,0.564484,1.93705072,0.08716728,1000000.0,standard,reconstructed
P00120,third_party,0.565413,1.45292604,0.06538167,500000.0,commercial,reconstructed
P00121,both,0.886229,0.77486089,0.03486874,500000.0,standard,reconstructed
P00122,both,0.855608,0.69334141,0.03120036,1000000.0,commercial,reconstructed
P00123,own_damage,0.922843,0.97970054,0.04408652,2000000.0,standard,reconstructed
P00124,both,0.708268,0.8953905,0.04029257,1000000.0,commercial,reconstructed
P00125,both,0.679544,0.84779321,0.03815069,500000.0,standard,reconstructed
P00126,both,0.818255,0.65714872,0.02957169,250000.0,standard,reconstructed
P00127,both,0.946729,0.96210248,0.04329461,250000.0,preferred,reconstructed
P00128,both,0.971654,0.69108038,0.03109862,500000.0,standard,reconstructed
P00129,both,0.647249,1.21411206,0.05463504,250000.0,preferred,reconstructed
P00130,both,0.735387,1.65325062,0.07439628,500000.0,standard,reconstructed
P00131,both,0.790295,1.20381219,0.05417155,500000.0,standard,reconstructed
P00132,own_damage,0.948049,0.68402961,0.03078133,2000000.0,preferred,reconstructed
P00133,both,0.63349,1.49420825,0.06723937,250000.0,preferred,reconstructed
P00134,both,0.80873,1.51659783,0.0682469,500000.0,standard,reconstructed
P00135,own_damage,0.879203,1.42454298,0.06410443,1000000.0,standard,reconstructed
P00136,third_party,0.628117,1.48700551,0.06691525,500000.0,preferred,reconstructed
P00137,own_damage,0.848334,0.71640721,0.03223832,2000000.0,preferred,reconstructed
P00138,both,0.639571,0.41802372,0.01881107,500000.0,standard,reconstructed
P00139,both,0.897733,2.60347645,0.11715644,250000.0,preferred,reconstructed
P00140,third_party,0.590009,1.49715137,0.06737181,500000.0,standard,reconstructed
P00141,both,0.748841,1.40571712,0.06325727,500000.0,standard,reconstructed
P00142,both,0.645758,1.38954252,0.06252941,1000000.0,commercial,reconstructed
P00143,both,0.556047,1.59029423,0.07156324,500000.0,preferred,reconstructed
P00144,both,0.856379,0.6510212,0.02929595,500000.0,preferred,reconstructed
P00145,both,0.60089,0.76841565,0.0345787,250000.0,standard,reconstructed
P00146,both,0.618457,1.84692982,0.08311184,500000.0,preferred,reconstructed
P00147,own_damage,0.839132,1.48806095,0.06696274,250000.0,standard,reconstructed
P00148,both,0.643023,1.4400156,0.0648007,250000.0,standard,reconstructed
P00149,both,0.964715,0.85664794,0.03854916,500000.0,standard,reconstructed
P00150,own_damage,0.887682,0.61864868,0.02783919,2000000.0,preferred,reconstructed
P00151,both,0.681482,0.8835505,0.03975977,1000000.0,standard,reconstructed
P00152,both,0.831988,1.20556975,0.05425064,500000.0,standard,reconstructed
P00153,both,0.636865,0.85428013,0.03844261,2000000.0,preferred,reconstructed
P00154,both,0.914593,1.34788903,0.06065501,2000000.0,preferred,reconstructed
P00155,both,0.704837,0.90762636,0.04084319,2000000.0,standard,reconstructed
P00156,both,0.8065,0.35,0.01575,1000000.0,standard,reconstructed
P00157,both,0.897628,1.68483502,0.07581758,250000.0,standard,reconstructed
P00158,both,0.836297,0.68404923,0.03078222,250000.0,standard,reconstructed
P00159,own_damage,0.589699,1.14055824,0.05132512,2000000.0,standard,reconstructed
P00160,both,0.6533,0.67654814,0.03044467,250000.0,preferred,reconstructed
P00161,both,0.881612,0.59157233,0.02662076,2000000.0,preferred,reconstructed
P00162,both,0.729803,1.85126699,0.08330701,1000000.0,preferred,reconstructed
P00163,both,0.713562,0.61505022,0.02767726,2000000.0,standard,reconstructed
P00164,both,0.712687,0.84886414,0.03819889,1000000.0,standard,reconstructed
P00165,both,0.65522,0.87297481,0.03928387,500000.0,standard,reconstructed
P00166,both,0.923013,2.49228059,0.11215263,250000.0,standard,reconstructed
P00167,third_party,0.75558,0.83788888,0.037705,1000000.0,commercial,reconstructed
P00168,third_party,0.605906,3.5,0.1575,250000.0,commercial,reconstructed
P00169,both,0.793306,0.83121281,0.03740458,2000000.0,standard,reconstructed
P00170,both,0.966585,0.97788804,0.04400496,250000.0,standard,reconstructed
P00171,third_party,0.612833,0.99778464,0.04490031,500000.0,preferred,reconstructed
P00172,own_damage,0.946519,1.38217143,0.06219771,2000000.0,standard,reconstructed
P00173,own_damage,0.690676,1.29155665,0.05812005,500000.0,standard,reconstructed
P00174,both,0.887866,0.79761661,0.03589275,1000000.0,standard,reconstructed
P00175,both,0.830417,1.8948729,0.08526928,250000.0,preferred,reconstructed
P00176,own_damage,0.634952,0.99038848,0.04456748,500000.0,commercial,reconstructed
P00177,both,0.67405,1.44525735,0.06503658,250000.0,standard,reconstructed
P00178,third_party,0.808774,0.96956342,0.04363035,250000.0,standard,reconstructed
P00179,both,0.594916,0.90576607,0.04075947,250000.0,preferred,reconstructed
P00180,both,0.975867,0.38786476,0.01745391,500000.0,standard,reconstructed
P00181,both,0.858791,0.95414856,0.04293668,1000000.0,preferred,reconstructed
P00182,both,0.610444,2.70494988,0.12172274,2000000.0,standard,reconstructed
P00183,both,0.651596,0.86194203,0.03878739,500000.0,standard,reconstructed
P00184,third_party,0.644662,0.71517196,0.03218274,500000.0,standard,reconstructed
P00185,both,0.892645,1.14869777,0.0516914,250000.0,standard,reconstructed
P00186,own_damage,0.626693,0.72154593,0.03246957,500000.0,standard,reconstructed
P00187,both,0.720205,0.72955562,0.03283,500000.0,standard,reconstructed
P00188,both,0.733435,1.57722015,0.07097491,500000.0,preferred,reconstructed
P00189,both,0.620196,0.97813766,0.04401619,2000000.0,preferred,reconstructed
P00190,both,0.947582,2.82613387,0.12717602,1000000.0,standard,reconstructed
P00191,both,0.952704,1.2638352,0.05687258,1000000.0,standard,reconstructed
P00192,both,0.688376,0.70007711,0.03150347,500000.0,preferred,reconstructed
P00193,both,0.733993,0.73028082,0.03286264,1000000.0,standard,reconstructed
P00194,both,0.764785,0.92601836,0.04167083,1000000.0,standard,reconstructed
P00195,both,0.58045,0.57343684,0.02580466,500000.0,commercial,reconstructed
P00196,both,0.74687,1.69460588,0.07625726,250000.0,commercial,reconstructed
P00197,third_party,0.663299,1.9975029,0.08988763,500000.0,commercial,reconstructed
P00198,own_damage,0.587709,0.73188739,0.03293493,500000.0,commercial,reconstructed
P00199,both,0.832571,0.89306393,0.04018788,500000.0,preferred,reconstructed
P00200,own_damage,0.772069,0.63910012,0.02875951,2000000.0,preferred,reconstructed
P00201,both,0.926583,0.60943827,0.02742472,500000.0,preferred,reconstructed
P00202,third_party,0.55645,2.59552503,0.11679863,2000000.0,standard,reconstructed
P00203,both,0.698911,2.31895444,0.10435295,2000000.0,preferred,reconstructed
P00204,both,0.778579,0.81772033,0.03679741,500000.0,standard,reconstructed
P00205,both,0.857793,1.27891537,0.05755119,500000.0,standard,reconstructed
P00206,both,0.732561,0.83249517,0.03746228,500000.0,standard,reconstructed
P00207,both,0.643768,1.00674968,0.04530374,500000.0,preferred,reconstructed
P00208,third_party,0.679715,0.71688032,0.03225961,500000.0,preferred,reconstructed
P00209,both,0.704075,2.22518615,0.10013338,500000.0,standard,reconstructed
P00210,third_party,0.915654,1.8746749,0.08436037,500000.0,standard,reconstructed
P00211,third_party,0.597322,1.12221966,0.05049988,500000.0,standard,reconstructed
P00212,both,0.956404,1.04599944,0.04706997,2000000.0,standard,reconstructed
P00213,both,0.889358,1.26221066,0.05679948,500000.0,preferred,reconstructed
P00214,third_party,0.829986,1.26045512,0.05672048,500000.0,preferred,reconstructed
P00215,both,0.91764,0.76539821,0.03444292,250000.0,standard,reconstructed
P00216,both,0.810643,0.87932763,0.03956974,250000.0,preferred,reconstructed
P00217,both,0.590207,1.08966894,0.0490351,1000000.0,standard,reconstructed
P00218,both,0.884927,1.35737009,0.06108165,1000000.0,standard,reconstructed
P00219,both,0.796637,0.73413427,0.03303604,2000000.0,preferred,reconstructed
P00220,both,0.782351,1.10890601,0.04990077,500000.0,standard,reconstructed
P00221,both,0.726139,1.00277568,0.04512491,1000000.0,standard,reconstructed
P00222,both,0.584549,0.75677081,0.03405469,1000000.0,preferred,reconstructed
P00223,own_damage,0.677287,3.10039615,0.13951783,2000000.0,preferred,reconstructed
P00224,both,0.964951,0.83267968,0.03747059,250000.0,standard,reconstructed
P00225,both,0.907802,0.84322455,0.0379451,1000000.0,standard,reconstructed
P00226,both,0.966429,0.67018701,0.03015842,250000.0,standard,reconstructed
P00227,both,0.70252,1.06990451,0.0481457,250000.0,standard,reconstructed
P00228,third_party,0.675101,1.90445246,0.08570036,250000.0,standard,reconstructed
P00229,both,0.953149,0.68526387,0.03083687,250000.0,standard,reconstructed
P00230,both,0.843977,0.91411455,0.04113515,500000.0,commercial,reconstructed
P00231,both,0.761757,1.60350742,0.07215783,2000000.0,preferred,reconstructed
P00232,both,0.689713,1.21110462,0.05449971,500000.0,commercial,reconstructed
P00233,both,0.599101,0.81417182,0.03663773,2000000.0,standard,reconstructed
P00234,both,0.588786,1.22013257,0.05490597,1000000.0,standard,reconstructed
P00235,both,0.594943,0.80765639,0.03634454,250000.0,standard,reconstructed
P00236,both,0.590172,0.57805563,0.0260125,2000000.0,preferred,reconstructed
P00237,both,0.752516,1.4683555,0.066076,2000000.0,standard,reconstructed
P00238,both,0.551951,0.91318307,0.04109324,2000000.0,standard,reconstructed
P00239,both,0.992829,0.64359123,0.02896161,500000.0,standard,reconstructed
P00240,both,0.644346,0.94441969,0.04249889,1000000.0,standard,reconstructed
P00241,both,0.863343,0.97106342,0.04369785,500000.0,standard,reconstructed
P00242,both,0.940671,1.5269337,0.06871202,1000000.0,preferred,reconstructed
P00243,own_damage,0.876955,0.88892807,0.04000176,1000000.0,commercial,reconstructed
P00244,both,0.779717,0.81093056,0.03649188,1000000.0,standard,reconstructed
P00245,both,0.881448,0.92560231,0.0416521,1000000.0,commercial,reconstructed
P00246,both,0.650682,1.88273036,0.08472287,2000000.0,standard,reconstructed
P00247,own_damage,0.581669,1.37807615,0.06201343,2000000.0,standard,reconstructed
P00248,both,0.612559,1.80788396,0.08135478,500000.0,commercial,reconstructed
P00249,both,0.869991,0.65051591,0.02927322,500000.0,standard,reconstructed
P00250,both,0.765653,2.44937351,0.11022181,250000.0,standard,reconstructed
P00251,third_party,0.887367,0.55026903,0.02476211,500000.0,commercial,reconstructed
P00252,both,0.795161,1.03901836,0.04675583,500000.0,commercial,reconstructed
P00253,both,0.561114,0.52608501,0.02367383,2000000.0,preferred,reconstructed
P00254,third_party,0.577943,0.89455472,0.04025496,2000000.0,standard,reconstructed
P00255,third_party,0.638659,0.91568667,0.0412059,2000000.0,standard,reconstructed
P00256,both,0.792274,1.18130023,0.05315851,250000.0,preferred,reconstructed
P00257,both,0.602052,0.97368586,0.04381586,1000000.0,standard,reconstructed
P00258,third_party,0.625459,0.88456222,0.0398053,500000.0,preferred,reconstructed
P00259,third_party,0.661908,1.59628996,0.07183305,500000.0,standard,reconstructed
P00260,both,0.692732,1.82305929,0.08203767,1000000.0,standard,reconstructed
P00261,third_party,0.800116,1.20736861,0.05433159,2000000.0,preferred,reconstructed
P00262,both,0.589348,0.35,0.01575,250000.0,standard,reconstructed
P00263,both,0.852529,0.93047652,0.04187144,1000000.0,standard,reconstructed
P00264,own_damage,0.594454,0.74229489,0.03340327,500000.0,preferred,reconstructed
P00265,own_damage,0.583823,0.73998405,0.03329928,2000000.0,preferred,reconstructed
P00266,own_damage,0.741244,0.56183429,0.02528254,1000000.0,standard,reconstructed
P00267,own_damage,0.69292,1.89894543,0.08545254,1000000.0,preferred,reconstructed
P00268,third_party,0.774608,1.44644066,0.06508983,250000.0,standard,reconstructed
P00269,both,0.855097,0.57029143,0.02566311,500000.0,standard,reconstructed
P00270,own_damage,0.610638,0.49580383,0.02231117,1000000.0,standard,reconstructed
P00271,both,0.982649,0.66395709,0.02987807,500000.0,standard,reconstructed
P00272,both,0.889321,1.38587938,0.06236457,2000000.0,commercial,reconstructed
P00273,third_party,0.940094,1.1386416,0.05123887,1000000.0,preferred,reconstructed
P00274,third_party,0.749689,1.58273419,0.07122304,2000000.0,preferred,reconstructed
P00275,both,0.644749,0.93694324,0.04216245,250000.0,commercial,reconstructed
P00276,both,0.973579,0.95423511,0.04294058,2000000.0,standard,reconstructed
P00277,both,0.85388,1.06542369,0.04794407,2000000.0,standard,reconstructed
P00278,both,0.896417,1.14390249,0.05147561,1000000.0,commercial,reconstructed
P00279,both,0.780897,0.92634602,0.04168557,500000.0,commercial,reconstructed
P00280,third_party,0.966324,1.6686108,0.07508749,250000.0,standard,reconstructed
P00281,both,0.845429,0.4436138,0.01996262,250000.0,standard,reconstructed
P00282,both,0.585783,0.45360568,0.02041226,1000000.0,standard,reconstructed
P00283,both,0.703268,1.81225889,0.08155165,500000.0,preferred,reconstructed
P00284,own_damage,0.693792,0.83334011,0.03750031,2000000.0,standard,reconstructed
P00285,both,0.687923,1.7537191,0.07891736,2000000.0,preferred,reconstructed
P00286,both,0.896279,0.87210316,0.03924464,1000000.0,standard,reconstructed
P00287,both,0.858112,0.93098837,0.04189448,250000.0,standard,reconstructed
P00288,both,0.831744,1.30742764,0.05883424,250000.0,commercial,reconstructed
P00289,both,0.558831,1.23358906,0.05551151,500000.0,preferred,reconstructed
P00290,both,0.797076,0.86330136,0.03884856,1000000.0,standard,reconstructed
P00291,own_damage,0.990018,0.6579562,0.02960803,1000000.0,commercial,reconstructed
P00292,both,0.795936,1.44889799,0.06520041,250000.0,standard,reconstructed
P00293,both,0.784448,0.80524438,0.036236,1000000.0,standard,reconstructed
P00294,both,0.734104,0.89050169,0.04007258,250000.0,commercial,reconstructed
P00295,both,0.704878,1.58249524,0.07121229,500000.0,standard,reconstructed
P00296,own_damage,0.994394,0.80711972,0.03632039,250000.0,commercial,reconstructed
P00297,both,0.711547,1.13450841,0.05105288,2000000.0,standard,reconstructed
P00298,both,0.741012,1.8336827,0.08251572,2000000.0,standard,reconstructed
P00299,both,0.921674,1.69918121,0.07646315,2000000.0,standard,reconstructed
P00300,both,0.585505,2.79881386,0.12594662,1000000.0,standard,reconstructed
P00301,both,0.560276,0.65515352,0.02948191,2000000.0,standard,reconstructed
P00302,own_damage,0.806247,0.77417848,0.03483803,250000.0,preferred,reconstructed
P00303,both,0.564115,0.5030915,0.02263912,1000000.0,preferred,reconstructed
P00304,both,0.749654,1.72814039,0.07776632,500000.0,standard,reconstructed
P00305,third_party,0.982527,0.97039703,0.04366787,500000.0,standard,reconstructed
P00306,both,0.678993,0.7964886,0.03584199,2000000.0,standard,reconstructed
P00307,both,0.631227,0.93883982,0.04224779,2000000.0,standard,reconstructed
P00308,third_party,0.698775,1.12429312,0.05059319,2000000.0,standard,reconstructed
P00309,both,0.913128,1.08592113,0.04886645,250000.0,commercial,reconstructed
P00310,both,0.82433,1.9752774,0.08888748,250000.0,standard,reconstructed
P00311,third_party,0.690566,1.06059169,0.04772663,250000.0,standard,reconstructed
P00312,both,0.887533,1.62921815,0.07331482,500000.0,standard,reconstructed
P00313,both,0.669891,0.87153853,0.03921923,500000.0,preferred,reconstructed
P00314,both,0.696848,1.02806057,0.04626273,500000.0,standard,reconstructed
P00315,both,0.768439,3.5,0.1575,250000.0,preferred,reconstructed
P00316,both,0.965499,0.76593352,0.03446701,500000.0,standard,reconstructed
P00317,both,0.703934,0.54575448,0.02455895,2000000.0,standard,reconstructed
P00318,both,0.786275,0.56235971,0.02530619,500000.0,commercial,reconstructed
P00319,both,0.819342,0.9929804,0.04468412,500000.0,standard,reconstructed
P00320,both,0.560889,0.80030972,0.03601394,250000.0,standard,reconstructed
P00321,both,0.716192,1.36351605,0.06135822,250000.0,standard,reconstructed
P00322,both,0.718578,0.70914959,0.03191173,500000.0,standard,reconstructed
P00323,third_party,0.653561,0.9378505,0.04220327,1000000.0,preferred,reconstructed
P00324,both,0.737865,1.96908493,0.08860882,500000.0,standard,reconstructed
P00325,third_party,0.83045,1.07606531,0.04842294,1000000.0,commercial,reconstructed
P00326,own_damage,0.958488,1.0452691,0.04703711,250000.0,standard,reconstructed
P00327,both,0.998305,0.55704055,0.02506682,1000000.0,standard,reconstructed
P00328,both,0.921868,0.60991871,0.02744634,500000.0,preferred,reconstructed
P00329,both,0.755466,0.87076062,0.03918423,1000000.0,standard,reconstructed
P00330,both,0.689482,1.4928334,0.0671775,2000000.0,standard,reconstructed
P00331,own_damage,0.814884,1.41194797,0.06353766,250000.0,preferred,reconstructed
P00332,both,0.690469,1.2845732,0.05780579,250000.0,standard,reconstructed
P00333,both,0.634847,1.78357815,0.08026102,1000000.0,standard,reconstructed
P00334,own_damage,0.665048,1.30938462,0.05892231,250000.0,standard,reconstructed
P00335,both,0.812693,1.10911772,0.0499103,250000.0,preferred,reconstructed
P00336,both,0.78777,0.80895644,0.03640304,250000.0,standard,reconstructed
P00337,both,0.774211,0.576127,0.02592571,2000000.0,standard,reconstructed
P00338,own_damage,0.725464,0.8182163,0.03681973,250000.0,standard,reconstructed
P00339,third_party,0.915409,1.1274219,0.05073399,1000000.0,standard,reconstructed
P00340,both,0.612262,1.63233569,0.07345511,1000000.0,standard,reconstructed
P00341,own_damage,0.643348,1.50974172,0.06793838,500000.0,preferred,reconstructed
P00342,both,0.595969,1.44988413,0.06524479,500000.0,commercial,reconstructed
P00343,both,0.850864,0.75214916,0.03384671,1000000.0,standard,reconstructed
P00344,own_damage,0.938481,0.35,0.01575,500000.0,preferred,reconstructed
P00345,both,0.638233,2.8044375,0.12619969,250000.0,preferred,reconstructed
P00346,both,0.603517,1.25326938,0.05639712,1000000.0,commercial,reconstructed
P00347,both,0.77254,0.96743325,0.0435345,1000000.0,standard,reconstructed
P00348,both,0.864808,0.73294229,0.0329824,2000000.0,standard,reconstructed
P00349,both,0.693321,1.06684129,0.04800786,500000.0,standard,reconstructed
P00350,both,0.750797,1.200324,0.05401458,500000.0,preferred,reconstructed
P00351,both,0.587877,0.76344617,0.03435508,1000000.0,standard,reconstructed
P00352,third_party,0.991185,1.32380934,0.05957142,1000000.0,standard,reconstructed
P00353,both,0.957245,1.32944831,0.05982517,250000.0,standard,reconstructed
P00354,both,0.703454,1.54963721,0.06973367,250000.0,standard,reconstructed
P00355,both,0.592189,0.79690681,0.03586081,1000000.0,commercial,reconstructed
P00356,own_damage,0.6552,0.90989827,0.04094542,2000000.0,standard,reconstructed
P00357,own_damage,0.59625,0.46098993,0.02074455,250000.0,standard,reconstructed
P00358,third_party,0.744743,1.759558,0.07918011,2000000.0,commercial,reconstructed
P00359,both,0.713855,0.74855356,0.03368491,2000000.0,standard,reconstructed
P00360,both,0.636643,0.64022859,0.02881029,250000.0,commercial,reconstructed
P00361,both,0.682973,0.75801156,0.03411052,500000.0,preferred,reconstructed
P00362,both,0.66805,1.05929766,0.04766839,500000.0,commercial,reconstructed
P00363,both,0.967755,1.55777854,0.07010003,1000000.0,preferred,reconstructed
P00364,both,0.919494,1.39909222,0.06295915,2000000.0,standard,reconstructed
P00365,both,0.814985,1.05861027,0.04763746,1000000.0,standard,reconstructed
P00366,both,0.960614,0.68438231,0.0307972,250000.0,preferred,reconstructed
P00367,both,0.553787,0.84803632,0.03816163,2000000.0,standard,reconstructed
P00368,both,0.759148,1.71344577,0.07710506,2000000.0,standard,reconstructed
P00369,third_party,0.698819,1.20019059,0.05400858,250000.0,preferred,reconstructed
P00370,own_damage,0.836993,1.09066918,0.04908011,2000000.0,standard,reconstructed
P00371,both,0.82283,1.6067638,0.07230437,1000000.0,standard,reconstructed
P00372,both,0.868291,1.31727663,0.05927745,500000.0,standard,reconstructed
P00373,third_party,0.696915,1.13686849,0.05115908,1000000.0,standard,reconstructed
P00374,third_party,0.789645,0.95373729,0.04291818,1000000.0,preferred,reconstructed
P00375,both,0.958457,0.93532391,0.04208958,2000000.0,preferred,reconstructed
P00376,own_damage,0.585081,2.31095945,0.10399318,2000000.0,standard,reconstructed
P00377,both,0.716804,1.6130888,0.072589,1000000.0,preferred,reconstructed
P00378,third_party,0.675456,1.02051527,0.04592319,1000000.0,standard,reconstructed
P00379,both,0.96977,1.2956206,0.05830293,1000000.0,standard,reconstructed
P00380,both,0.933763,0.64625552,0.0290815,250000.0,standard,reconstructed
P00381,own_damage,0.686162,0.77239513,0.03475778,250000.0,standard,reconstructed
P00382,both,0.658179,1.88162559,0.08467315,1000000.0,preferred,reconstructed
P00383,both,0.930231,1.10809158,0.04986412,500000.0,preferred,reconstructed
P00384,own_damage,0.893921,1.35301942,0.06088587,500000.0,standard,reconstructed
P00385,third_party,0.60462,1.81990793,0.08189586,500000.0,standard,reconstructed
P00386,both,0.811785,0.55206843,0.02484308,250000.0,standard,reconstructed
P00387,both,0.731103,1.0929143,0.04918114,500000.0,standard,reconstructed
P00388,both,0.731365,0.62699626,0.02821483,2000000.0,preferred,reconstructed
P00389,both,0.586178,1.31999671,0.05939985,1000000.0,preferred,reconstructed
P00390,both,0.616003,0.80453625,0.03620413,2000000.0,preferred,reconstructed
P00391,third_party,0.8762,0.97269756,0.04377139,500000.0,standard,reconstructed
P00392,both,0.84896,0.56908538,0.02560884,500000.0,standard,reconstructed
P00393,third_party,0.985772,1.46562293,0.06595303,500000.0,standard,reconstructed
P00394,both,0.562132,1.41582744,0.06371223,2000000.0,commercial,reconstructed
P00395,both,0.721978,1.20223014,0.05410036,250000.0,standard,reconstructed
P00396,third_party,0.550212,1.07057528,0.04817589,2000000.0,standard,reconstructed
P00397,both,0.795305,1.64968384,0.07423577,1000000.0,commercial,reconstructed
P00398,third_party,0.875283,1.03379352,0.04652071,500000.0,standard,reconstructed
P00399,both,0.750271,1.25254289,0.05636443,1000000.0,standard,reconstructed
P00400,both,0.577696,0.94668181,0.04260068,2000000.0,preferred,reconstructed
P00401,both,0.979832,0.62179722,0.02798088,500000.0,standard,reconstructed
P00402,both,0.578802,0.7573015,0.03407857,500000.0,commercial,reconstructed
P00403,both,0.942538,1.67768098,0.07549564,500000.0,standard,reconstructed
P00404,both,0.821477,1.28206398,0.05769288,500000.0,standard,reconstructed
P00405,both,0.688996,0.89735652,0.04038104,500000.0,preferred,reconstructed
P00406,third_party,0.884437,0.89935095,0.04047079,250000.0,standard,reconstructed
P00407,both,0.976723,1.23213815,0.05544622,1000000.0,commercial,reconstructed
P00408,both,0.767489,0.35,0.01575,1000000.0,preferred,reconstructed
P00409,both,0.9764,0.95566847,0.04300508,500000.0,commercial,reconstructed
P00410,both,0.832863,0.70593649,0.03176714,250000.0,standard,reconstructed
P00411,both,0.68344,1.01279513,0.04557578,1000000.0,commercial,reconstructed
P00412,both,0.965117,1.03291481,0.04648117,2000000.0,standard,reconstructed
P00413,third_party,0.673841,1.03915126,0.04676181,2000000.0,commercial,reconstructed
P00414,both,0.83484,1.59906809,0.07195806,500000.0,commercial,reconstructed
P00415,own_damage,0.916566,0.83415587,0.03753701,2000000.0,standard,reconstructed
P00416,both,0.921181,0.83663005,0.03764835,500000.0,standard,reconstructed
P00417,both,0.719243,0.67592414,0.03041659,2000000.0,standard,reconstructed
P00418,both,0.706225,0.98561814,0.04435282,2000000.0,preferred,reconstructed
P00419,third_party,0.867667,1.32380768,0.05957135,250000.0,standard,reconstructed
P00420,both,0.893855,1.41369174,0.06361613,500000.0,preferred,reconstructed
P00421,both,0.753599,1.33427552,0.0600424,2000000.0,preferred,reconstructed
P00422,both,0.903346,0.99636374,0.04483637,250000.0,standard,reconstructed
P00423,both,0.716741,1.12852931,0.05078382,2000000.0,preferred,reconstructed
P00424,own_damage,0.900783,1.32611597,0.05967522,500000.0,standard,reconstructed
P00425,own_damage,0.777775,1.0167304,0.04575287,2000000.0,commercial,reconstructed
P00426,third_party,0.898673,0.68930402,0.03101868,500000.0,preferred,reconstructed
P00427,both,0.883862,1.72563051,0.07765337,2000000.0,standard,reconstructed
P00428,both,0.63058,1.07502014,0.04837591,2000000.0,standard,reconstructed
P00429,both,0.976019,1.39508421,0.06277879,1000000.0,standard,reconstructed
P00430,both,0.736268,1.8886224,0.08498801,250000.0,standard,reconstructed
P00431,both,0.779424,0.90687847,0.04080953,500000.0,standard,reconstructed
P00432,both,0.986562,1.08947961,0.04902658,500000.0,standard,reconstructed
P00433,both,0.561158,1.3785469,0.06203461,1000000.0,preferred,reconstructed
P00434,both,0.65588,0.96505835,0.04342763,2000000.0,standard,reconstructed
P00435,third_party,0.813002,1.86691497,0.08401117,1000000.0,standard,reconstructed
P00436,both,0.997462,1.3191305,0.05936087,250000.0,preferred,reconstructed
P00437,both,0.765133,0.62180391,0.02798118,1000000.0,standard,reconstructed
P00438,both,0.747156,0.874264,0.03934188,2000000.0,commercial,reconstructed
P00439,third_party,0.775561,0.81722831,0.03677527,2000000.0,preferred,reconstructed
P00440,both,0.630276,0.88818141,0.03996816,2000000.0,commercial,reconstructed
P00441,both,0.802038,0.62726909,0.02822711,250000.0,standard,reconstructed
P00442,own_damage,0.852256,1.27720202,0.05747409,250000.0,standard,reconstructed
P00443,both,0.77004,1.41078694,0.06348541,2000000.0,standard,reconstructed
P00444,both,0.770061,1.28582208,0.05786199,500000.0,standard,reconstructed
P00445,both,0.702963,1.45734472,0.06558051,1000000.0,commercial,reconstructed
P00446,both,0.956573,0.68521729,0.03083478,1000000.0,standard,reconstructed
P00447,third_party,0.5813,0.66626697,0.02998201,2000000.0,standard,reconstructed
P00448,both,0.951149,2.05972758,0.09268774,500000.0,standard,reconstructed
P00449,both,0.943574,0.64866344,0.02918985,500000.0,commercial,reconstructed
P00450,third_party,0.726661,1.11833077,0.05032488,2000000.0,standard,reconstructed
P00451,both,0.605478,1.07862195,0.04853799,250000.0,commercial,reconstructed
P00452,own_damage,0.554491,1.94355197,0.08745984,250000.0,preferred,reconstructed
P00453,both,0.731422,0.94507963,0.04252858,2000000.0,commercial,reconstructed
P00454,own_damage,0.840359,1.04017275,0.04680777,2000000.0,preferred,reconstructed
P00455,both,0.813264,0.84479429,0.03801574,2000000.0,standard,reconstructed
P00456,third_party,0.633052,0.78258275,0.03521622,500000.0,commercial,reconstructed
P00457,third_party,0.68953,1.11108614,0.04999888,250000.0,standard,reconstructed
P00458,third_party,0.666969,3.2005134,0.1440231,250000.0,preferred,reconstructed
P00459,own_damage,0.625637,1.38522471,0.06233511,250000.0,standard,reconstructed
P00460,both,0.993453,0.89641967,0.04033889,1000000.0,preferred,reconstructed
P00461,both,0.895062,1.3690965,0.06160934,2000000.0,preferred,reconstructed
P00462,third_party,0.916576,2.46462881,0.1109083,1000000.0,commercial,reconstructed
P00463,third_party,0.691138,1.66917788,0.075113,250000.0,standard,reconstructed
P00464,own_damage,0.932725,1.01426742,0.04564203,1000000.0,preferred,reconstructed
P00465,both,0.941146,0.99455852,0.04475513,250000.0,standard,reconstructed
P00466,both,0.557131,3.12450108,0.14060255,1000000.0,commercial,reconstructed
P00467,both,0.564618,1.41559754,0.06370189,250000.0,preferred,reconstructed
P00468,own_damage,0.911997,1.274957,0.05737306,500000.0,standard,reconstructed
P00469,both,0.733798,1.13364767,0.05101415,250000.0,preferred,reconstructed
P00470,own_damage,0.634901,0.82749601,0.03723732,250000.0,preferred,reconstructed
P00471,own_damage,0.90628,0.4342827,0.01954272,2000000.0,preferred,reconstructed
P00472,both,0.840472,0.97053735,0.04367418,500000.0,standard,reconstructed
P00473,both,0.622999,0.51951019,0.02337796,250000.0,standard,reconstructed
P00474,both,0.78433,0.79619872,0.03582894,2000000.0,standard,reconstructed
P00475,third_party,0.6447,0.40716183,0.01832228,500000.0,standard,reconstructed
P00476,own_damage,0.994968,1.42383526,0.06407259,250000.0,preferred,reconstructed
P00477,own_damage,0.707197,0.91628777,0.04123295,500000.0,preferred,reconstructed
P00478,both,0.792687,1.37495121,0.0618728,500000.0,standard,reconstructed
P00479,both,0.595407,1.0148707,0.04566918,250000.0,standard,reconstructed
P00480,both,0.931334,1.16222202,0.05229999,250000.0,preferred,reconstructed
P00481,both,0.872709,0.90023226,0.04051045,1000000.0,standard,reconstructed
P00482,both,0.882763,2.22656468,0.10019541,250000.0,standard,reconstructed
P00483,both,0.660361,0.55767073,0.02509518,500000.0,preferred,reconstructed
P00484,both,0.804527,0.54333684,0.02445016,2000000.0,preferred,reconstructed
P00485,both,0.72038,0.97824883,0.0440212,1000000.0,standard,reconstructed
P00486,both,0.705473,0.70852746,0.03188374,250000.0,preferred,reconstructed
P00487,both,0.938709,0.93128188,0.04190768,1000000.0,standard,reconstructed
P00488,both,0.851471,1.0258643,0.04616389,250000.0,standard,reconstructed
P00489,both,0.806735,1.69336549,0.07620145,2000000.0,preferred,reconstructed
P00490,own_damage,0.813915,1.07749139,0.04848711,500000.0,standard,reconstructed
P00491,both,0.580076,1.18345695,0.05325556,2000000.0,commercial,reconstructed
P00492,both,0.882601,1.50042035,0.06751892,2000000.0,commercial,reconstructed
P00493,both,0.56315,0.63537065,0.02859168,2000000.0,preferred,reconstructed
P00494,both,0.930105,0.68950853,0.03102788,2000000.0,standard,reconstructed
P00495,own_damage,0.96931,1.07532466,0.04838961,2000000.0,standard,reconstructed
P00496,both,0.946833,1.03316168,0.04649228,250000.0,preferred,reconstructed
P00497,both,0.59893,1.49445556,0.0672505,2000000.0,commercial,reconstructed
P00498,own_damage,0.741681,0.77740077,0.03498303,2000000.0,preferred,reconstructed
P00499,both,0.834929,1.00361753,0.04516279,2000000.0,preferred,reconstructed
P00500,both,0.622555,1.9174648,0.08628592,250000.0,standard,reconstructed
